inicio,fin,proyecto,tipo,modelo,coste_usd,llamadas,input,output,cache_read,cache_write,duracion_min,resultado,objetivo_o_prompt
2026-06-17T22:06:54.718000+02:00,2026-06-17T22:22:05.763000+02:00,web-sistemasElectronicos,Programación,sonnet-4-6,3.1054,44,119,58841,4891709,125822,15.2,,
2026-06-17T21:20:47.620000+02:00,2026-06-17T22:34:37.129000+02:00,motor-agentico-basico,Programación,sonnet-4-6,4.1238,67,102,76975,7101960,204620,73.8,,
2026-06-17T21:15:00.190000+02:00,2026-06-17T21:18:19.760000+02:00,fr4nc15co,Scripting/Shell,sonnet-4-6,0.6004,23,95,12791,726729,91821,3.3,,
2026-06-17T21:07:09.365000+02:00,2026-06-17T21:10:58.707000+02:00,motor-agentico-basico,Programación,sonnet-4-6,0.4711,21,80,15639,657270,79156,3.8,,
2026-06-17T20:51:30.389000+02:00,2026-06-17T21:05:08.782000+02:00,motor-agentico-basico,Programación,opus-4-8,4.0245,33,6150,53122,2251691,153983,13.6,,
2026-06-17T19:56:57.965000+02:00,2026-06-17T19:59:07.279000+02:00,GraphifyYourProject,Orquestación,opus-4-8,0.5093,15,7523,12108,190256,31252,2.2,,
2026-06-17T17:56:53.018000+02:00,2026-06-17T20:03:08.301000+02:00,motor-agentico-basico,Programación,opus-4-8,25.0838,120,9332,242425,30947206,350293,126.3,,
2026-06-17T15:35:21.390000+02:00,2026-06-17T21:07:28.274000+02:00,motor-agentico-basico,Programación,opus-4-8,7.2041,45,6299,108956,3454481,314528,332.1,,
2026-06-17T13:11:59.120000+02:00,2026-06-17T20:08:37.326000+02:00,motor-agentico-basico,Orquestación,opus-4-8,25.9763,168,10140,182433,27703652,873224,416.6,,
2026-06-17T10:46:18.084000+02:00,2026-06-17T10:46:18.084000+02:00,SOCIAREM-TopologicalOptTool,Otro,sonnet-4-6,0.0964,1,3,54,19622,14952,0.0,,
2026-06-17T10:29:39.309000+02:00,2026-06-17T10:50:07.319000+02:00,motor-agentico-basico,Documentación,sonnet-4-6,2.7399,48,62,25054,2749623,256499,13,mostly_achieved,"Enhance a Claude Code cost analysis dashboard by adding enterprise/teams subscription tiers, documentation, and visual screenshots"
2026-06-17T09:06:40.370000+02:00,2026-06-17T10:51:38.643000+02:00,motor-agentico-basico,Programación,opus-4-8,38.7326,163,13351,244440,44012666,1333443,18,mostly_achieved,"Improve a local Claude Code cost dashboard by making the UI dynamic with topic-based tabs, customizing the server URL, and adding enterprise pricing KPIs like ROI"
2026-06-16T16:39:50.984000+02:00,2026-06-16T17:32:04.417000+02:00,SOCIAREM-TopologicalOptTool,Configuración/DevOps,opus-4-8,19.342,124,14797,135966,19559885,765538,52,mostly_achieved,"Add a 'shared solar panels' mode for buildings where all buildings use the same panel type and common site location, and show the % of PV relative to total installable PV in the results"
2026-06-16T16:05:39.783000+02:00,2026-06-16T16:27:24.488000+02:00,SOCIAREM-TopologicalOptTool,Programación,opus-4-8,4.107,64,6599,25893,3445331,170406,22,fully_achieved,"Add a credits line (developers, university, version) to the SOCIAREM tool's sidebar footer, with proper i18n support"
2026-06-16T13:28:27.799000+02:00,2026-06-16T16:08:14.701000+02:00,SOCIAREM-TopologicalOptTool,Programación,opus-4-8,8.6725,65,6730,43455,6126690,448909,160,fully_achieved,"Improve the topology optimization tool's UI/UX: project naming in results selector, progress bar/log reset on re-runs, sidebar logo/name change, and browser title cleanup"
2026-06-16T07:53:57.570000+02:00,2026-06-16T13:37:41.739000+02:00,SOCIAREM-TopologicalOptTool,Programación,opus-4-8,123.1841,325,22924,423731,127228845,4886182,344,mostly_achieved,"Replace hardcoded mock data in a topological optimization tool's web GUI with real execution results and add several new GUI features (CO2 factor, progress bar, chart selectors, baseline comparison, past-runs archiving, building selector)."
2026-06-15T17:30:27.465000+02:00,2026-06-17T09:48:17.997000+02:00,SOCIAREM-TopologicalOptTool,Documentación,opus-4-8,276.2751,840,103509,901905,322956060,9388714,1029,fully_achieved,"Rework the electricity tariff/contracted-power modeling and add a third data-input mode (downloadable 365-day template) to the SOCIAREM PV+BESS tool, with clear UI gating, complete translations, and coherent documentation"
2026-06-15T17:13:46.350000+02:00,2026-06-15T17:13:55.462000+02:00,SOCIAREM-TopologicalOptTool,Exploración,haiku-4-5,0.0437,3,26,1211,73941,15121,0,,donde se lee la p_PricePower
2026-06-15T16:39:23.511000+02:00,2026-06-15T17:05:38.018000+02:00,SOCIAREM-TopologicalOptTool,Refactorización,opus-4-8,6.7856,86,6722,43435,7189096,404854,26,fully_achieved,"Fix the desktop GUI app's icon and logos so they display correctly in both preview and the actual built application, and clean up legacy Tkinter code"
2026-06-15T15:59:10.031000+02:00,2026-06-15T16:00:33.672000+02:00,fr4nc15co,Programación,sonnet-4-6,0.2834,17,42,4087,399027,56407,0,,No prompt
2026-06-15T14:05:18.146000+02:00,2026-06-15T14:25:31.865000+02:00,web-sistemasElectronicos,Programación,opus-4-8,5.6915,33,6150,67525,2656896,264422,20,mostly_achieved,"Enhance circuit diagrams in an educational web page about circuit theory, adding partial-voltage arrows with current-direction explanation and adding two voltage-divider illustrations"
2026-06-15T13:46:24.586000+02:00,2026-06-15T14:03:27.438000+02:00,web-sistemasElectronicos,Programación,opus-4-8,7.315,69,1557,54817,5997521,295842,17,fully_achieved,"Improve the 5.5 section of an electronics web project by porting a flank/level diagram and pedagogical content from the microprocessors 3.7 section, then adding RPi.GPIO/gpiozero tabs"
2026-06-15T13:24:29.028000+02:00,2026-06-15T13:24:55.437000+02:00,fr4nc15co,Scripting/Shell,opus-4-8,0.2212,3,5445,2622,69831,9354,1,,por curiosidad podria poner contraseña a partes de la web?
2026-06-15T13:14:36.302000+02:00,2026-06-15T13:27:10.735000+02:00,web-sistemasElectronicos,Programación,opus-4-8,5.483,64,983,32766,5546440,327270,13,fully_achieved,"Add static circuit diagrams to the amplifier sections (8.4.2, 8.4.3, 8.4.4) of the web project, reusing the simulator's schematics"
2026-06-15T09:45:51.282000+02:00,2026-06-15T13:08:57.897000+02:00,web-sistemasElectronicos,Depuración,opus-4-8,25.0804,149,8001,178394,20928532,1160250,9,fully_achieved,"Fix an interactive electronics study component so the offset slider affects the drawing, and rename labels/variables in the motor PWM interactive"
2026-06-15T09:37:46.404000+02:00,2026-06-15T09:46:14.192000+02:00,web-sistemasElectronicos,Programación,opus-4-8,3.0824,25,6005,22995,1855893,154951,9,,quita la parte de spi del tema del conversor
2026-06-14T22:09:23.203000+02:00,2026-06-14T22:16:28.360000+02:00,web-sistemasElectronicos,Refactorización,opus-4-8,2.5101,20,5866,26667,1238786,119466,7,mostly_achieved,"Simplify and make more engaging the Tema 1 introduction page of a microcontrollers course, removing content that overlaps with other chapters"
2026-06-14T20:18:18.679000+02:00,2026-06-14T23:46:45.123000+02:00,web-sistemasElectronicos,Orquestación,opus-4-8,144.2852,531,127330,563216,154041616,5804725,209,fully_achieved,"Edit a Spanish-language educational JSON document for an electronics course, adding and correctly formatting a note about gpiozero generic vs component-named classes"
2026-06-14T19:41:58.493000+02:00,2026-06-14T20:15:14.729000+02:00,web-sistemasElectronicos,Refactorización,opus-4-8,12.5213,50,6700,135849,7206868,548811,34,mostly_achieved,"Reorganize an educational website's Topic 2 (circuit theory) to match the slide structure and order, and adapt LED/button simulators from another course (PIC32/C) to the Raspberry Pi 4 + iMAT HAT (Python/gpiozero)"
2026-06-12T21:01:00.164000+02:00,2026-06-15T09:47:08.091000+02:00,web-sistemasElectronicos,Orquestación,opus-4-8,66.7297,526,118932,301671,53156851,3053238,3566,mostly_achieved,"Build and refine an interactive educational web for 'Sistemas Electrónicos', and harden the reusable course-website template based on lessons learned"
2026-06-12T20:34:14.880000+02:00,2026-06-12T20:47:50.079000+02:00,webMicroprocesadoresinteractiva,Depuración,opus-4-8,3.0326,83,733,27559,5601401,234397,14,mostly_achieved,"Fix the 44-pin schematic image legend so analog and remappable pin labels don't overlap, and update remappable pin names to use the RP prefix"
2026-06-12T07:01:13.777000+02:00,2026-06-12T07:05:09.750000+02:00,webMicroprocesadoresinteractiva,Programación,fable-5,2.4055,24,5134,9207,939238,47729,4,,"En /Users/fmartin/Documents/GIT/webMicroprocesadoresinteractiva/datos/registros.js, la entrada T1CON define el campo TSYNC (bit 2) con los s"
2026-06-11T21:00:24.170000+02:00,2026-06-12T20:40:50.403000+02:00,fr4nc15co,Programación,haiku-4-5,3.4005,144,1248,76999,13392869,837483,647,fully_achieved,"Build and refine a professional portfolio website for Dr. Francisco Martín Martínez, including correct profile links, adding projects, and updating CV details"
2026-06-11T19:23:37.894000+02:00,2026-06-12T19:33:48.110000+02:00,webMicroprocesadoresinteractiva,Programación,fable-5,324.1847,985,297493,669597,204140543,10369037,0,,"si sobra lo del T5CON,  no digas que es una API en el tema 12, di funcion o modulo (conjunto de funciones),"
2026-06-10T17:27:56.122000+02:00,2026-06-11T18:02:03.320000+02:00,SOCIAREM-TopologicalOptTool,Refactorización,opus-4-8,16.9605,128,10479,129781,15195794,606568,1474,mostly_achieved,"Refactor external radiation/price API usage into reusable, swappable provider classes organized by domain, integrate them into the preprocess pipeline, add config/GUI selection, secure the API token out of the bundle, and add connection-testing capabilities"
2026-06-09T10:34:40.905000+02:00,2026-06-09T10:35:37.115000+02:00,SOCIAREM-TopologicalOptTool,Scripting/Shell,opus-4-8,0.3662,14,4749,6133,470226,79605,1,,has the optimization problem a limit of kW for batteries and PV?
2026-06-09T09:23:27.672000+02:00,2026-06-09T14:54:09.167000+02:00,SOCIAREM-TopologicalOptTool,Refactorización,opus-4-8,28.6653,265,13970,244682,36395971,743669,97,fully_achieved,"Review and clean up the outputs pipeline (steps 8-10) of a Pyomo optimization tool, ensuring logs are coherent, reduced in verbosity, and that archived result folders are retention-limited"
2026-06-02T16:50:54.251000+02:00,2026-06-02T17:52:58.328000+02:00,SOCIAREM-TopologicalOptTool,Programación,opus-4-8,1.2428,28,5016,13872,1058915,34143,62,mostly_achieved,"Build and verify the distributable (.app) for the topological optimization tool, then understand how to code-sign it"
2026-06-02T16:42:14.705000+02:00,2026-06-02T16:45:23.896000+02:00,SOCIAREM-TopologicalOptTool,Depuración,opus-4-8,0.7033,10,4593,4671,330344,39840,4,not_achieved,Fix a failing dev/preview server so it starts successfully
2026-06-02T09:55:48.539000+02:00,2026-06-04T09:10:12.642000+02:00,SOCIAREM-TopologicalOptTool,Orquestación,opus-4-8,74.0089,417,30035,352246,90553949,2316640,219,unclear_from_transcript,Cannot be determined from the transcript as the session content was not captured (only API errors are visible)
2026-06-02T09:20:49.288000+02:00,2026-06-02T09:44:51.894000+02:00,SOCIAREM-TopologicalOptTool,Documentación,haiku-4-5,0.249,18,154,8615,861147,59839,24,fully_achieved,"Understand how to run only the optimization part of the tool and create a dedicated test/main file for it, plus update documentation"
2026-06-01T17:57:30.121000+02:00,2026-06-01T17:59:36.572000+02:00,SOCIAREM-TopologicalOptTool,Programación,haiku-4-5,0.2781,10,82,15640,542240,72791,2,,me gustaria añadir el doc a todos los sets parametros variables y sus unidades
2026-06-01T15:52:29.027000+02:00,2026-06-01T16:54:39.650000+02:00,SOCIAREM-TopologicalOptTool,Programación,opus-4-8,11.3901,83,6287,91781,8344469,489195,62,fully_achieved,"Improve the SOCIAREM topological optimization tool's frontend with i18n (EN/ES), official color palette, editable monthly consumption inputs, a footer attribution, and an evaluation of UX recommendations"
2026-06-01T15:21:58.260000+02:00,2026-06-01T15:50:07.274000+02:00,SOCIAREM-TopologicalOptTool,Programación,opus-4-8,11.6042,89,7641,56033,9852258,523901,28,mostly_achieved,"Combine two existing HTML interface designs into a single front-end prototype and iteratively refine its layout, navigation, logos, and country/API configuration logic"
2026-06-01T11:31:09.477000+02:00,2026-06-02T09:53:48.085000+02:00,SOCIAREM-TopologicalOptTool,Refactorización,opus-4-8,11.8676,85,9738,64892,7982899,620520,1343,mostly_achieved,"Migrate a Python topological optimization tool into a packageable desktop app (PyWebView + PyInstaller), validate it works end-to-end, clean up legacy code, and document the architecture"
2026-05-27T10:38:44.021000+02:00,2026-06-09T14:30:12.927000+02:00,pdftomd,Investigación,opus-4-7,3.398,77,2784,30519,3329312,348537,1550,fully_achieved,"Build a Python script to convert PDF files from an input folder to Markdown in an output folder using Docling, working on Mac"
2026-05-21T10:24:50.229000+02:00,2026-05-21T10:27:54.709000+02:00,SOCIAREM-TopologicalOptTool,Programación,haiku-4-5,0.2201,19,162,14243,922006,28260,41,partially_achieved,The user wanted to recover/recreate a UI prototype from previous conversations and create a quick web design that's compatible with their Tkinter application for validation purposes
2026-05-21T10:23:53.148000+02:00,2026-05-21T10:23:56.978000+02:00,-Users-fmartin,Scripting/Shell,haiku-4-5,0.0989,2,18,687,44118,45523,0,,quiero ver el prototipo de interfaz para validarlo
2026-05-13T20:37:48.057000+02:00,2026-05-21T10:31:40.446000+02:00,SOCIAREM-TopologicalOptTool,Programación,haiku-4-5,1.7544,57,516,107603,4999912,357920,10914,mostly_achieved,"Design a frontend layout/prototype for a topological PV optimization tool (TopologicalPV/SOCIAREM) before development, supporting multiple data sources (CSV/Excel/API/predefined), consumption profiles, pricing periods, location/weather, PV/BAT catalogs, settings, and results display"
2026-05-13T20:20:45.313000+02:00,2026-05-13T20:31:31.893000+02:00,SOCIAREM-TopologicalOptTool,Programación,haiku-4-5,0.5225,51,424,17045,2963981,70223,11,fully_achieved,"Add a non-commercial license (CC BY-NC 4.0) with attribution and contact email to the project, with correct author and university info, then commit it"
